in_pokay_only	in_tsv_only
A123S	
A123T	A12G
A195Y	A67V
A222V	F1062F
A243P	F2I
A243del	F2del
A244del	F3100F
A2S	F3677L
A348P	F411F
A352D	F924F
A363W	G3676S
A372E	G514G
A372K	G5969G
A372Q	H69N
A372R	H69P
A372S	H69Q
A372T	H69_V70del
A376T	I68K
A411K	I68M
A414S	K798K
A435S	L21F
A435W	L6820L
A454V	P142P
A475D	P4715L
A475E	P4715S
A475F	S2Y
A475I	S2_D3delinsY
A475K	S3675T
A475M	S3675Y
A475N	S3675_F3677del
A475Q	T2007I
A475R	T205I
A475V	V143V
A475Y	V2776V
A520G	V70I
A520P	Y144S
A520S	
A522Q	
A522Y	
A570D	
A653V	
A701V	
A79del	
A831V	
A890D	
A982S	
C136G	
C136S	
C136Y	
C15F	
C15R	
C15S	
C15W	
C15Y	
C300S	
C361H	
C391N	
C525D	
D1118H	
D1119H	
D128H	
D138H	
D138Y	
D155Y	
D215G	
D253E	
D253G	
D253Y	
D389E	
D3L	
D402P	
D420A	
D420E	
D420K	
D420M	
D420N	
D420Q	
D420R	
D420W	
D420Y	
D428N	
D483Y	
D634G	
D796H	
D796Y	
D80A	
D80A,L242del	
D80N	
D839E	
D839N	
D839Y	
D950N	
E154K	
E156del	
E23G	
E406H	
E406Q	
E406W	
E464K	
E46X	
E471D	
E471V	
E484A	
E484C	
E484D	
E484F	
E484G	
E484H	
E484I	
E484L	
E484M	
E484N	
E484P	
E484Q	
E484R	
E484T	
E484V	
E484W	
E484Y	
E516Q	
E554D	
E87del	
F108del	
F139del	
F140C	
F140S	
F140del	
F157A	
F157del	
F220I	
F26del	
F338L	
F347W	
F374D	
F374N	
F374W	
F392A	
F392K	
F392Q	
F392W	
F392Y	
F456A	
F456C	
F456G	
F456H	
F456K	
F456L	
F456Q	
F456R	
F456S	
F456T	
F456V	
F456Y	
F464Y	
F479L	
F486A	
F486C	
F486D	
F486E	
F486G	
F486H	
F486I	
F486K	
F486L	
F486P	
F486Q	
F486R	
F486S	
F486T	
F486V	
F486Y	
F490A	
F490D	
F490E	
F490G	
F490K	
F490L	
F490N	
F490P	
F490R	
F490S	
F490T	
F490V	
F490Y	
F495L	
F565L	
F7S	
G107del	
G1219V	
G141del	
G142A	
G142C	
G142D	
G142F	
G142del	
G204R	
G252C	
G252D	
G257S	
G261D	
G270D	
G339D	
G339E	
G339H	
G339N	
G339S	
G37E	
G37R	
G413N	
G446D	
G446E	
G446F	
G446H	
G446L	
G446N	
G446P	
G446R	
G446T	
G446V	
G446W	
G446Y	
G447C	
G447D	
G447E	
G447F	
G447H	
G447I	
G447K	
G447L	
G447M	
G447N	
G447P	
G447R	
G447S	
G447T	
G447V	
G447Y	
G476E	
G476K	
G476R	
G476T	
G485D	
G485K	
G485N	
G485P	
G485R	
G485T	
G496A	
G496D	
G496E	
G496F	
G496H	
G496I	
G496K	
G496L	
G496M	
G496N	
G496Q	
G496R	
G496S	
G496T	
G496V	
G496W	
G496Y	
G502A	
G502D	
G502E	
G502H	
G502K	
G502N	
G502P	
G502Q	
G502R	
G502S	
G502T	
G502V	
G504C	
G504D	
G504E	
G504I	
G504L	
G504V	
G526K	
G769E	
G769V	
G82del	
H1101D	
H125Y	
H146Y	
H146del	
H245del	
H519D	
H519N	
H519P	
H655Y	
H66R	
H69del	
H81del	
H83del	
I1412T	
I210del	
I292T	
I332E	
I332G	
I332H	
I332N	
I332P	
I332Q	
I344P	
I358F	
I358L	
I358M	
I358W	
I358Y	
I402V	
I434F	
I468M	
I468T	
I468V	
I472D	
I472G	
I472K	
I472P	
I472V	
I472W	
I692V	
I870V	
K1191N	
K147E	
K147Q	
K147T	
K150E	
K150Q	
K150R	
K150T	
K2N	
K2R	
K356R	
K356T	
K378A	
K378D	
K378E	
K378H	
K378I	
K378L	
K378N	
K378Q	
K378R	
K378S	
K378T	
K378V	
K378Y	
K386A	
K386D	
K386E	
K386Q	
K417A	
K417C	
K417D	
K417E	
K417F	
K417G	
K417H	
K417I	
K417L	
K417M	
K417N	
K417P	
K417Q	
K417R	
K417S	
K417T	
K417V	
K417W	
K417Y	
K444E	
K444N	
K444Q	
K444R	
K444T	
K458D	
K458E	
K458N	
K458R	
K528A	
K528F	
K528G	
K528N	
K529A	
K529C	
K529F	
K529G	
K529H	
K529I	
K529R	
K529S	
K529T	
K529V	
K529Y	
K77E	
K814A	
K971P	
K986P	
L140F	
L140del	
L141S	
L141del	
L177I	
L18F	
L18F,D80A,D215G,L242del	
L18P	
L19F	
L242del	
L243del	
L244F	
L244S	
L244del	
L27del	
L28del	
L335E	
L335P	
L37F	
L390Y	
L441I	
L441M	
L441Q	
L441R	
L441V	
L452D	
L452E	
L452F	
L452H	
L452K	
L452M	
L452Q	
L452R	
L452S	
L452T	
L452W	
L452Y	
L455A	
L455C	
L455D	
L455E	
L455G	
L455H	
L455I	
L455K	
L455M	
L455N	
L455P	
L455R	
L455S	
L455T	
L455V	
L455W	
L455Y	
L517M	
L517N	
L517R	
L517T	
L518C	
L518D	
L518E	
L518K	
L518N	
L518Q	
L518S	
L518T	
L5F	
L716T	
L84S	
L88del	
L938F	
M1229I	
M241I	
M85del	
N148S	
N149Q	
N164A	
N165Q	
N1A	
N1D	
N203D	
N234Q	
N2A	
N2D	
N331T	
N331X	
N334D	
N343X	
N354D	
N354E	
N354K	
N354Q	
N354R	
N354S	
N360D	
N370P	
N417N	
N4348R	
N439K	
N439R	
N440D	
N440E	
N440K	
N448C	
N448P	
N448S	
N450D	
N450E	
N450G	
N450K	
N450P	
N450T	
N450Y	
N460A	
N460C	
N460E	
N460F	
N460H	
N460I	
N460K	
N460L	
N460M	
N460P	
N460Q	
N460R	
N460S	
N460T	
N460V	
N460Y	
N481Y	
N487A	
N487D	
N487E	
N487F	
N487G	
N487H	
N487K	
N487L	
N487Q	
N487R	
N487S	
N487T	
N487Y	
N501A	
N501D	
N501F	
N501H	
N501M	
N501Q	
N501S	
N501T	
N501V	
N501W	
N501Y	
N74K	
P1263L	
P138del	
P139Q	
P139S	
P13L	
P13S	
P13T	
P251L	
P26S	
P337D	
P337N	
P365S	
P384A	
P384D	
P384E	
P384G	
P384H	
P384K	
P384L	
P384M	
P384N	
P384Q	
P384R	
P384Y	
P499L	
P499T	
P521N	
P527A	
P527C	
P527D	
P527H	
P527I	
P527K	
P527L	
P527M	
P527N	
P527Q	
P527R	
P527S	
P527T	
P527V	
P527W	
P527Y	
P681H	
P681R	
P80del	
P9Q	
P9S	
Q1071H	
Q1208H	
Q183H	
Q213K	
Q218H	
Q414A	
Q414E	
Q418*	
Q493A	
Q493F	
Q493K	
Q493M	
Q493R	
Q493W	
Q493Y	
Q498A	
Q498D	
Q498F	
Q498H	
Q498K	
Q498R	
Q498W	
Q498Y	
Q56X	
Q779K	
R158G	
R158S	
R177X	
R190S	
R190T	
R203K	
R21T	
R237K	
R245I	
R246A	
R246G	
R246I	
R246T	
R246del	
R346E	
R346G	
R346H	
R346I	
R346K	
R346N	
R346S	
R346T	
R346V	
R346Y	
R357K	
R408A	
R408D	
R408E	
R408G	
R408I	
R408K	
R408P	
R408Q	
R408S	
R408T	
R667G	
R668S	
R670S	
R682W	
R685A	
R685S	
R716I	
R815A	
R95X	
S106del	
S1147L	
S1174L	
S12F	
S12P	
S13I	
S151P	
S155_E156insKLRS	
S194L	
S194T	
S235F	
S247R	
S247del	
S254F	
S255F	
S359H	
S359Q	
S359T	
S366A	
S366D	
S366E	
S366N	
S373E	
S373K	
S373N	
S373P	
S373Q	
S373R	
S373T	
S383D	
S383E	
S383F	
S383K	
S383L	
S383N	
S383Q	
S383T	
S383Y	
S443F	
S443H	
S443K	
S443M	
S443Q	
S443Y	
S459E	
S459K	
S459Q	
S459T	
S477D	
S477E	
S477G	
S477H]	
S477N	
S477P	
S477R	
S494D	
S494H	
S494K	
S494P	
S494R	
S494W	
S514F	
S514T	
S514V	
S530A	
S530C	
S530E	
S530G	
S530I	
S530N	
S686G	
S686V	
S68F	
S860G	
S943P	
S94F	
S982A	
T1027I	
T166A	
T183I	
T19R	
T20N	
T22P	
T285I	
T30I	
T325I	
T345A	
T345N	
T345S	
T362I	
T376D	
T376E	
T376F	
T376H	
T376N	
T376R	
T376W	
T379I	
T385D	
T385E	
T385K	
T385R	
T415H	
T430I	
T430V	
T470M	
T470N	
T478I	
T478K	
T478S	
T500G	
T531G	
T531N	
T716I	
T7I	
T95I	
T9I	
V1176F	
V142del	
V143del	
V24M	
V29del	
V341I	
V362K	
V362Q	
V362S	
V362T	
V362Y	
V367A	
V367D	
V367E	
V367F	
V367H	
V367I	
V367K	
V367L	
V367M	
V367N	
V367Q	
V367R	
V367S	
V367T	
V367W	
V382A	
V382Y	
V395I	
V445A	
V445D	
V445E	
V445G	
V445K	
V445N	
V445P	
V445R	
V445S	
V445W	
V445Y	
V483A	
V483E	
V483I	
V483K	
V483L	
V483Q	
V483R	
V483S	
V483T	
V503E	
V503K	
V503L	
V503M	
V524R	
V556L	
V70del	
V84del	
V86del	
V89del	
V972P	
V987P	
W152C	
W152L	
W258R	
W633P	
Y143del	
Y144A	
Y144C	
Y145del	
Y248del	
Y28C	
Y365E	
Y365F	
Y365K	
Y365L	
Y365M	
Y365W	
Y369A	
Y369D	
Y369E	
Y369F	
Y369I	
Y369K	
Y369L	
Y369M	
Y369N	
Y369P	
Y369Q	
Y369S	
Y369T	
Y369V	
Y369W	
Y449A	
Y449D	
Y449E	
Y449G	
Y449H	
Y449N	
Y449P	
Y449Q	
Y449R	
Y449S	
Y449T	
Y453F	
Y453K	
Y462F	
Y473A	
Y473C	
Y473E	
Y473I	
Y473L	
Y473M	
Y473N	
Y473Q	
Y473S	
Y473T	
Y473V	
Y489H	
Y489I	
Y489L	
Y489M	
Y489Q	
Y489S	
Y489V	
Y489W	
Y493F	
Y505A	
Y505C	
Y505D	
Y505E	
Y505G	
Y505H	
Y505K	
Y505M	
Y505N	
Y505Q	
Y505S	
Y505W	
Y508H	
Y543F	
[P681H,P681=]	
[S477P	
g.C11074U	
g.C14805U	
g.C15324U	
g.C1912U	
g.C24034U	
g.C28311D	
g.C29353U	
