#seqid	#source	#type	#start	#end	#score	#strand	#phase	#attributes
MN908947.3	.	.	241	241	.	+	.	"ID=ID_0;Name=;nt_name=c.C-25T;gene=orf1ab;mutation_type=;Reference_seq=C;Variant_seq=T;ao=3267;dp=3271;ro=2;viral_lineage=B.1.525;who_label=Eta;status=VOI;function_category="""";source=;citation="""";comb_mutation=;function_description="""";clade_defining=True;"
MN908947.3	.	.	1498	1498	.	+	.	"ID=ID_1;Name=p.F411F;nt_name=c.C1233T;gene=orf1ab;mutation_type=SILENT;Reference_seq=C;Variant_seq=T;ao=3264;dp=3279;ro=14;viral_lineage=B.1.525;who_label=Eta;status=VOI;function_category="""";source=;citation="""";comb_mutation=;function_description="""";clade_defining=True;"
MN908947.3	.	.	1807	1807	.	+	.	"ID=ID_2;Name=p.G514G;nt_name=c.A1542G;gene=orf1ab;mutation_type=SILENT;Reference_seq=A;Variant_seq=G;ao=3229;dp=3279;ro=11;viral_lineage=B.1.525;who_label=Eta;status=VOI;function_category="""";source=;citation="""";comb_mutation=;function_description="""";clade_defining=True;"
MN908947.3	.	.	2659	2659	.	+	.	"ID=ID_3;Name=p.K798K;nt_name=c.G2394A;gene=orf1ab;mutation_type=SILENT;Reference_seq=G;Variant_seq=A;ao=3264;dp=3279;ro=13;viral_lineage=B.1.525;who_label=Eta;status=VOI;function_category="""";source=;citation="""";comb_mutation=;function_description="""";clade_defining=True;"
MN908947.3	.	.	3037	3037	.	+	.	"ID=ID_4;Name=p.F924F;nt_name=c.C2772T;gene=orf1ab;mutation_type=SILENT;Reference_seq=C;Variant_seq=T;ao=3277;dp=3279;ro=2;viral_lineage=B.1.525;who_label=Eta;status=VOI;function_category="""";source=;citation="""";comb_mutation=;function_description="""";clade_defining=True;"
MN908947.3	.	.	6285	6285	.	+	.	"ID=ID_5;Name=p.T2007I;nt_name=c.C6020T;gene=orf1ab;mutation_type=MISSENSE;Reference_seq=C;Variant_seq=T;ao=3263;dp=3279;ro=10;viral_lineage=B.1.525;who_label=Eta;status=VOI;function_category="""";source=;citation="""";comb_mutation=;function_description="""";clade_defining=True;"
MN908947.3	.	.	8593	8593	.	+	.	"ID=ID_6;Name=p.V2776V;nt_name=c.T8328C;gene=orf1ab;mutation_type=SILENT;Reference_seq=T;Variant_seq=C;ao=3276;dp=3279;ro=2;viral_lineage=B.1.525;who_label=Eta;status=VOI;function_category="""";source=;citation="""";comb_mutation=;function_description="""";clade_defining=True;"
MN908947.3	.	.	9565	9565	.	+	.	"ID=ID_7;Name=p.F3100F;nt_name=c.C9300T;gene=orf1ab;mutation_type=SILENT;Reference_seq=C;Variant_seq=T;ao=3073;dp=3279;ro=164;viral_lineage=B.1.525;who_label=Eta;status=VOI;function_category="""";source=;citation="""";comb_mutation=;function_description="""";clade_defining=True;"
MN908947.3	.	.	11287	11287	.	+	.	"ID=ID_8;Name=p.S3675_F3677del;nt_name=c.11023_11031delTCTGGTTTT;gene=orf1ab;mutation_type=;Reference_seq=GTCTGGTTTT;Variant_seq=G;ao=3177;dp=3279;ro=3274;viral_lineage=B.1.525;who_label=Eta;status=VOI;function_category="""";source=;citation="""";comb_mutation=;function_description="""";clade_defining=True;"
MN908947.3	.	.	11288	11288	.	+	.	"ID=ID_9;Name=p.S3675T;nt_name=c.T11023A;gene=orf1ab;mutation_type=MISSENSE;Reference_seq=T;Variant_seq=N;ao=56;dp=94;ro=23;viral_lineage=B.1.525;who_label=Eta;status=VOI;function_category="""";source=;citation="""";comb_mutation=;function_description="""";clade_defining=True;"
MN908947.3	.	.	11289	11289	.	+	.	"ID=ID_10;Name=p.S3675Y;nt_name=c.C11024A;gene=orf1ab;mutation_type=MISSENSE;Reference_seq=C;Variant_seq=N;ao=44;dp=94;ro=49;viral_lineage=B.1.525;who_label=Eta;status=VOI;function_category="""";source=;citation="""";comb_mutation=;function_description="""";clade_defining=True;"
MN908947.3	.	.	11291	11291	.	+	.	"ID=ID_11;Name=p.G3676S;nt_name=c.G11026A;gene=orf1ab;mutation_type=MISSENSE;Reference_seq=G;Variant_seq=N;ao=25;dp=98;ro=17;viral_lineage=B.1.525;who_label=Eta;status=VOI;function_category="""";source=;citation="""";comb_mutation=;function_description="""";clade_defining=True;"
MN908947.3	.	.	11291	11291	.	+	.	"ID=ID_11;Name=p.G3676S;nt_name=c.G11026A;gene=orf1ab;mutation_type=MISSENSE;Reference_seq=G;Variant_seq=A;ao=55;dp=98;ro=17;viral_lineage=B.1.525;who_label=Eta;status=VOI;function_category="""";source=;citation="""";comb_mutation=;function_description="""";clade_defining=True;"
MN908947.3	.	.	11296	11296	.	+	.	"ID=ID_12;Name=p.F3677L;nt_name=c.T11031G;gene=orf1ab;mutation_type=MISSENSE;Reference_seq=T;Variant_seq=G;ao=65;dp=99;ro=13;viral_lineage=B.1.525;who_label=Eta;status=VOI;function_category="""";source=;citation="""";comb_mutation=;function_description="""";clade_defining=True;"
MN908947.3	.	.	14407	14407	.	+	.	"ID=ID_13;Name=p.P4715S;nt_name=c.C14143T;gene=orf1ab;mutation_type=MISSENSE;Reference_seq=C;Variant_seq=T;ao=3269;dp=3279;ro=9;viral_lineage=B.1.525;who_label=Eta;status=VOI;function_category="""";source=;citation="""";comb_mutation=;function_description="""";clade_defining=True;"
MN908947.3	.	.	14408	14408	.	+	.	"ID=ID_14;Name=p.P4715L;nt_name=c.C14144T;gene=orf1ab;mutation_type=MISSENSE;Reference_seq=C;Variant_seq=T;ao=3274;dp=3279;ro=4;viral_lineage=B.1.525;who_label=Eta;status=VOI;function_category="""";source=;citation="""";comb_mutation=;function_description="""";clade_defining=True;"
MN908947.3	.	.	18171	18171	.	+	.	"ID=ID_15;Name=p.G5969G;nt_name=c.C17907T;gene=orf1ab;mutation_type=SILENT;Reference_seq=C;Variant_seq=T;ao=3269;dp=3279;ro=6;viral_lineage=B.1.525;who_label=Eta;status=VOI;function_category="""";source=;citation="""";comb_mutation=;function_description="""";clade_defining=True;"
MN908947.3	.	.	20724	20724	.	+	.	"ID=ID_16;Name=p.L6820L;nt_name=c.A20460G;gene=orf1ab;mutation_type=SILENT;Reference_seq=A;Variant_seq=G;ao=3267;dp=3279;ro=10;viral_lineage=B.1.525;who_label=Eta;status=VOI;function_category="""";source=;citation="""";comb_mutation=;function_description="""";clade_defining=True;"
MN908947.3	.	.	21717	21717	.	+	.	"ID=ID_17;Name=p.Q52R;nt_name=c.A155G;gene=S;mutation_type=MISSENSE;Reference_seq=A;Variant_seq=G;ao=2561;dp=3279;ro=54;viral_lineage=B.1.525;who_label=Eta;status=VOI;function_category=""transmissibility"";source=https://www.covid19genomics.dk/2021-05-08_data-overview.html#b1525;citation=""Albertsen et al. (2021) "";comb_mutation='E484K', 'Q677H', 'F888L';function_description=""The B.1.525 appears to have poor transmissibility when in competition with B.1.1.7 and other cirdulting strains in Denmark (early 2021)."";clade_defining=True;"
MN908947.3	.	.	21762	21762	.	+	.	"ID=ID_18;Name=p.A67V;nt_name=c.C200T;gene=S;mutation_type=MISSENSE;Reference_seq=C;Variant_seq=T;ao=3222;dp=3271;ro=36;viral_lineage=B.1.525;who_label=Eta;status=VOI;function_category="""";source=;citation="""";comb_mutation=;function_description="""";clade_defining=True;"
MN908947.3	.	.	21764	21764	.	+	.	"ID=ID_19;Name=p.H69_V70del;nt_name=c.203_208delTACATG;gene=S;mutation_type=;Reference_seq=ATACATG;Variant_seq=A;ao=3180;dp=3279;ro=3254;viral_lineage=B.1.525;who_label=Eta;status=VOI;function_category="""";source=;citation="""";comb_mutation=;function_description="""";clade_defining=True;"
MN908947.3	.	.	21765	21765	.	+	.	"ID=ID_20;Name=p.I68K;nt_name=c.T203A;gene=S;mutation_type=MISSENSE;Reference_seq=T;Variant_seq=N;ao=32;dp=91;ro=59;viral_lineage=B.1.525;who_label=Eta;status=VOI;function_category="""";source=;citation="""";comb_mutation=;function_description="""";clade_defining=True;"
MN908947.3	.	.	21766	21766	.	+	.	"ID=ID_21;Name=p.I68M;nt_name=c.A204G;gene=S;mutation_type=MISSENSE;Reference_seq=A;Variant_seq=N;ao=38;dp=89;ro=42;viral_lineage=B.1.525;who_label=Eta;status=VOI;function_category="""";source=;citation="""";comb_mutation=;function_description="""";clade_defining=True;"
MN908947.3	.	.	21767	21767	.	+	.	"ID=ID_22;Name=p.H69N;nt_name=c.C205A;gene=S;mutation_type=MISSENSE;Reference_seq=C;Variant_seq=N;ao=47;dp=88;ro=39;viral_lineage=B.1.525;who_label=Eta;status=VOI;function_category="""";source=;citation="""";comb_mutation=;function_description="""";clade_defining=True;"
MN908947.3	.	.	21768	21768	.	+	.	"ID=ID_23;Name=p.H69P;nt_name=c.A206C;gene=S;mutation_type=MISSENSE;Reference_seq=A;Variant_seq=N;ao=43;dp=95;ro=39;viral_lineage=B.1.525;who_label=Eta;status=VOI;function_category="""";source=;citation="""";comb_mutation=;function_description="""";clade_defining=True;"
MN908947.3	.	.	21769	21769	.	+	.	"ID=ID_24;Name=p.H69Q;nt_name=c.T207A;gene=S;mutation_type=MISSENSE;Reference_seq=T;Variant_seq=N;ao=46;dp=96;ro=50;viral_lineage=B.1.525;who_label=Eta;status=VOI;function_category="""";source=;citation="""";comb_mutation=;function_description="""";clade_defining=True;"
MN908947.3	.	.	21770	21770	.	+	.	"ID=ID_25;Name=p.V70I;nt_name=c.G208A;gene=S;mutation_type=MISSENSE;Reference_seq=G;Variant_seq=N;ao=46;dp=97;ro=40;viral_lineage=B.1.525;who_label=Eta;status=VOI;function_category="""";source=;citation="""";comb_mutation=;function_description="""";clade_defining=True;"
MN908947.3	.	.	21990	21990	.	+	.	"ID=ID_26;Name=p.Y144del;nt_name=c.429_431delTTA;gene=S;mutation_type=;Reference_seq=TTTA;Variant_seq=T;ao=3082;dp=3279;ro=3253;viral_lineage=B.1.525;who_label=Eta;status=VOI;function_category=""antibody epitope effects"";source=https://www.medrxiv.org/content/10.1101/2021.01.06.20248960v1;citation=""Haynes et al. (2021) "";comb_mutation=;function_description=""Wildtype elicits immune response, COVID-19 cohort epitope score > 99th percentile of the 497 pre-pandemic controls, mutant drops PIWAS epitope score from 1% to 0.17% (poorer immune recognition) Together with other B1.1.7 lineage mutational changes (Spike: N501Y, A570D, P681H, Nucleoprotein: D3L, S235F) resulted in only 2 of 579 individuals (0.3% of the population) having a dramatic reduction in PIWAS antigen scores, which reflects the peak epitope signal along the entire antigen. "";clade_defining=True;"
MN908947.3	.	.	21990	21990	.	+	.	"ID=ID_26;Name=p.Y144del;nt_name=c.429_431delTTA;gene=S;mutation_type=;Reference_seq=TTTA;Variant_seq=T;ao=3082;dp=3279;ro=3253;viral_lineage=B.1.525;who_label=Eta;status=VOI;function_category=""antibody epitope effects"";source=https://doi.org/10.1101/2021.01.14.426475;citation=""McCallum et al. (2021) "";comb_mutation=;function_description=""Massive reduction in S2M28 monoclonal antibody EC50 (i.e. ablated recognition), within antigenic supersite ""i""  Massive reduction in S2X28 monoclonal antibody EC50 (i.e. ablated recognition), within antigenic supersite ""i""  Massive reduction in S2X333 monoclonal antibody EC50 (i.e. ablated recognition), within antigenic supersite ""i""  Massive reduction in 4A8 monoclonal antibody EC50 (i.e. ablated recognition) "";clade_defining=True;"
MN908947.3	.	.	21990	21990	.	+	.	"ID=ID_26;Name=p.Y144del;nt_name=c.429_431delTTA;gene=S;mutation_type=;Reference_seq=TTTA;Variant_seq=T;ao=3082;dp=3279;ro=3253;viral_lineage=B.1.525;who_label=Eta;status=VOI;function_category=""antibody epitope effects"";source=https://www.nature.com/articles/s41586-021-03398-2;citation=""Wang et al. (2021) "";comb_mutation=;function_description=""Abolishes neutralization by N-terminal-domain-directed mAbs 5-24, 4-8, and 4A8."";clade_defining=True;"
MN908947.3	.	.	21990	21990	.	+	.	"ID=ID_26;Name=p.Y144del;nt_name=c.429_431delTTA;gene=S;mutation_type=;Reference_seq=TTTA;Variant_seq=T;ao=3082;dp=3279;ro=3253;viral_lineage=B.1.525;who_label=Eta;status=VOI;function_category=""trafficking"";source=https://www.biorxiv.org/content/10.1101/2021.02.05.430003v1;citation=""Tada et al. (2021) "";comb_mutation=;function_description=""Lentiviral pseudotyped with this individual mutation from B.1.1.7 was tested on ACE2.293T cells. Luciferase activity was measured two days postinfection,  showing slightly increased infection rate amongst the cells. "";clade_defining=True;"
MN908947.3	.	.	21990	21990	.	+	.	"ID=ID_26;Name=p.Y144del;nt_name=c.429_431delTTA;gene=S;mutation_type=;Reference_seq=TTTA;Variant_seq=T;ao=3082;dp=3279;ro=3253;viral_lineage=B.1.525;who_label=Eta;status=VOI;function_category=""convalescent plasma escape"";source=https://doi.org/10.1126/science.abf6950;citation=""McCarthy et al. (2021) "";comb_mutation=;function_description=""Virus evolution data in 9 immunocomprised patients with long active COVID-19 infections was gathered, showing sequence deletion hotspots. This variant was present in 4 patients."";clade_defining=True;"
MN908947.3	.	.	21991	21991	.	+	.	"ID=ID_27;Name=p.V143V;nt_name=c.T429A;gene=S;mutation_type=SILENT;Reference_seq=T;Variant_seq=N;ao=133;dp=195;ro=62;viral_lineage=B.1.525;who_label=Eta;status=VOI;function_category="""";source=;citation="""";comb_mutation=;function_description="""";clade_defining=True;"
MN908947.3	.	.	21992	21992	.	+	.	"ID=ID_28;Name=p.Y144N;nt_name=c.T430A;gene=S;mutation_type=MISSENSE;Reference_seq=T;Variant_seq=N;ao=138;dp=195;ro=51;viral_lineage=B.1.525;who_label=Eta;status=VOI;function_category=""monoclonal antibody serial passage escape"";source=https://doi.org/10.1101/2021.01.14.426475;citation=""McCallum et al. (2021) "";comb_mutation=;function_description=""Escape mutation against Spike N terminal domain antigenic supersite i mAb S2X28"";clade_defining=True;"
MN908947.3	.	.	21993	21993	.	+	.	"ID=ID_29;Name=p.Y144S;nt_name=c.A431C;gene=S;mutation_type=MISSENSE;Reference_seq=A;Variant_seq=N;ao=134;dp=191;ro=45;viral_lineage=B.1.525;who_label=Eta;status=VOI;function_category="""";source=;citation="""";comb_mutation=;function_description="""";clade_defining=True;"
MN908947.3	.	.	23012	23012	.	+	.	"ID=ID_30;Name=p.E484K;nt_name=c.G1450A;gene=S;mutation_type=MISSENSE;Reference_seq=G;Variant_seq=A;ao=3269;dp=3279;ro=9;viral_lineage=B.1.525;who_label=Eta;status=VOI;function_category=""T cell evasion"";source=https://science.sciencemag.org/content/early/2021/04/29/science.abh1282;citation=""Reynolds et al. (2021) "";comb_mutation=;function_description=""Analyzing responses to the E484K mutation seen in B.1.351 and P.1 variants, we noted that it did  not fall in a region predicted to bind the HLAII alleles tested (table S4). The mutation appeared  to have no substantial or differential impact on T cell responses."";clade_defining=True;"
MN908947.3	.	.	23012	23012	.	+	.	"ID=ID_30;Name=p.E484K;nt_name=c.G1450A;gene=S;mutation_type=MISSENSE;Reference_seq=G;Variant_seq=A;ao=3269;dp=3279;ro=9;viral_lineage=B.1.525;who_label=Eta;status=VOI;function_category=""antibody epitope effects"";source=https://www.biorxiv.org/content/10.1101/2021.03.22.436481v1;citation=""Sun et al. (2021) "";comb_mutation=;function_description=""Complete loss of binding in ELISA by the variant against monoclonal antibody VH-Fc ab8"";clade_defining=True;"
MN908947.3	.	.	23012	23012	.	+	.	"ID=ID_30;Name=p.E484K;nt_name=c.G1450A;gene=S;mutation_type=MISSENSE;Reference_seq=G;Variant_seq=A;ao=3269;dp=3279;ro=9;viral_lineage=B.1.525;who_label=Eta;status=VOI;function_category=""antibody epitope effects"";source=https://www.nature.com/articles/s41586-021-03412-7;citation=""Collier et al. (2021) "";comb_mutation=;function_description=""Of 50 mAbs tested, major loss of neutralization observed for S2N28, S2X615, S2N12, S2X192, S2H7, S2X16, S2X58, S2H70, S2X613, S2D19, S2N22, S2D32, S2H58, S2M11, S2D106, S2X30."";clade_defining=True;"
MN908947.3	.	.	23012	23012	.	+	.	"ID=ID_30;Name=p.E484K;nt_name=c.G1450A;gene=S;mutation_type=MISSENSE;Reference_seq=G;Variant_seq=A;ao=3269;dp=3279;ro=9;viral_lineage=B.1.525;who_label=Eta;status=VOI;function_category=""antibody epitope effects"";source=https://www.biorxiv.org/content/10.1101/2021.04.19.440481v1;citation=""Li et al. (2021) "";comb_mutation=;function_description=""Monoclonal antibodies 13G9 and 58G6 maintain fairly high neutralization potency, compared to others interfacing with E484K."";clade_defining=True;"
MN908947.3	.	.	23012	23012	.	+	.	"ID=ID_30;Name=p.E484K;nt_name=c.G1450A;gene=S;mutation_type=MISSENSE;Reference_seq=G;Variant_seq=A;ao=3269;dp=3279;ro=9;viral_lineage=B.1.525;who_label=Eta;status=VOI;function_category=""antibody epitope effects"";source=https://www.biorxiv.org/content/10.1101/2020.11.03.367391v2;citation=""Gaebler et al. (2021) "";comb_mutation=;function_description=""Ablates binding by class 2 mAbs such as C144 that directly interfere with ACE2 binding,  but clonal somatic mutations of memory B cells at 6.2 months (evolving humoral immune response)  show pronounced increase in binding to the variant. "";clade_defining=True;"
MN908947.3	.	.	23012	23012	.	+	.	"ID=ID_30;Name=p.E484K;nt_name=c.G1450A;gene=S;mutation_type=MISSENSE;Reference_seq=G;Variant_seq=A;ao=3269;dp=3279;ro=9;viral_lineage=B.1.525;who_label=Eta;status=VOI;function_category=""antibody epitope effects"";source=https://www.biorxiv.org/content/10.1101/2020.11.06.372037v2;citation=""Liu et al. (2020) "";comb_mutation=;function_description=""Mutant screen in neutralization assay with a broad range of monoclonal antibodies shows high resistence to 4 antibodies,  and broad low level resistence against much of the rest of the panel."";clade_defining=True;"
MN908947.3	.	.	23012	23012	.	+	.	"ID=ID_30;Name=p.E484K;nt_name=c.G1450A;gene=S;mutation_type=MISSENSE;Reference_seq=G;Variant_seq=A;ao=3269;dp=3279;ro=9;viral_lineage=B.1.525;who_label=Eta;status=VOI;function_category=""antibody epitope effects"";source=https://www.biorxiv.org/content/10.1101/2021.01.15.426911v2;citation=""Wang et al. (2021) "";comb_mutation=;function_description=""Resistent to all seven class 2 (Spike 'up' or 'down' conformation, RBD targeting) antibodies tested, with 10-fold  or greater reduction in neutralization (plus notable reudction in two unclassfied mAbs)."";clade_defining=True;"
MN908947.3	.	.	23012	23012	.	+	.	"ID=ID_30;Name=p.E484K;nt_name=c.G1450A;gene=S;mutation_type=MISSENSE;Reference_seq=G;Variant_seq=A;ao=3269;dp=3279;ro=9;viral_lineage=B.1.525;who_label=Eta;status=VOI;function_category=""antibody epitope effects"";source=https://www.nature.com/articles/s41591-021-01294-w;citation=""Chen et al. (2021) "";comb_mutation=;function_description=""Ablates Class 1 receptor-binding-motif targeting antibodies COV2-2050, 1B07, COVOX-384 and S2H58."";clade_defining=True;"
MN908947.3	.	.	23012	23012	.	+	.	"ID=ID_30;Name=p.E484K;nt_name=c.G1450A;gene=S;mutation_type=MISSENSE;Reference_seq=G;Variant_seq=A;ao=3269;dp=3279;ro=9;viral_lineage=B.1.525;who_label=Eta;status=VOI;function_category=""antibody epitope effects"";source=https://www.nature.com/articles/s41586-021-03398-2;citation=""Wang et al. (2021) "";comb_mutation=;function_description=""Pseudotyped virus model ablates neutralization by RBD-directed mAbs 4-20, 2-4, 2-43, 2-30, 2-15, LY-Cov555, C121. Pseudotyped virus model impairs neutralization by RBD-directed mAb COV2-2196 (somewhat more than fully pseudotyped B.1.351 or live virus)"";clade_defining=True;"
MN908947.3	.	.	23012	23012	.	+	.	"ID=ID_30;Name=p.E484K;nt_name=c.G1450A;gene=S;mutation_type=MISSENSE;Reference_seq=G;Variant_seq=A;ao=3269;dp=3279;ro=9;viral_lineage=B.1.525;who_label=Eta;status=VOI;function_category=""antibody epitope effects"";source=https://science.sciencemag.org/content/371/6531/823;citation=""Rappazzo et al. (2021) "";comb_mutation=;function_description=""Massive reduction in binding efficiency vs wild type for mAb LY-CoV555."";clade_defining=True;"
MN908947.3	.	.	23012	23012	.	+	.	"ID=ID_30;Name=p.E484K;nt_name=c.G1450A;gene=S;mutation_type=MISSENSE;Reference_seq=G;Variant_seq=A;ao=3269;dp=3279;ro=9;viral_lineage=B.1.525;who_label=Eta;status=VOI;function_category=""ACE2 receptor binding affinity"";source=https://www.biorxiv.org/content/10.1101/2021.02.14.431117v2;citation=""Tian et al. (2021) "";comb_mutation=;function_description=""Reported moderate increase in affinity compared to wild-type RBD on the cell surface (Kd = 38.5nM vs 56.9nM)."";clade_defining=True;"
MN908947.3	.	.	23012	23012	.	+	.	"ID=ID_30;Name=p.E484K;nt_name=c.G1450A;gene=S;mutation_type=MISSENSE;Reference_seq=G;Variant_seq=A;ao=3269;dp=3279;ro=9;viral_lineage=B.1.525;who_label=Eta;status=VOI;function_category=""ACE2 receptor binding affinity"";source=https://www.biorxiv.org/content/10.1101/2021.01.06.425392;citation=""Zahradnik et al. (2021) "";comb_mutation=;function_description=""Among the first selected variants in an in vitro evolution experiment for ACE2 binding."";clade_defining=True;"
MN908947.3	.	.	23012	23012	.	+	.	"ID=ID_30;Name=p.E484K;nt_name=c.G1450A;gene=S;mutation_type=MISSENSE;Reference_seq=G;Variant_seq=A;ao=3269;dp=3279;ro=9;viral_lineage=B.1.525;who_label=Eta;status=VOI;function_category=""ACE2 receptor binding affinity"";source=https://doi.org/10.1016/j.cell.2020.08.012;citation=""Starr et al. (2020) "";comb_mutation=;function_description=""Experimentally, ACE2 binding affinity increased 0.06 fold"";clade_defining=True;"
MN908947.3	.	.	23012	23012	.	+	.	"ID=ID_31;Name=p.E484K;nt_name=c.G1450A;gene=S;mutation_type=MISSENSE;Reference_seq=G;Variant_seq=A;ao=3269;dp=3279;ro=9;viral_lineage=B.1.525;who_label=Eta;status=VOI;function_category=""trafficking"";source=https://dx.doi.org/10.1016%2Fj.chom.2021.03.008;citation=""Kuzmina et al. (2021) "";comb_mutation='D614G';function_description=""~2x more infectivity than D614G alone in HEK293T-ACE2 cells 48h post-transduction."";clade_defining=True;"
MN908947.3	.	.	23012	23012	.	+	.	"ID=ID_30;Name=p.E484K;nt_name=c.G1450A;gene=S;mutation_type=MISSENSE;Reference_seq=G;Variant_seq=A;ao=3269;dp=3279;ro=9;viral_lineage=B.1.525;who_label=Eta;status=VOI;function_category=""trafficking"";source=https://www.biorxiv.org/content/10.1101/2021.05.08.443253v1;citation=""Ferriera et al (2021) "";comb_mutation=;function_description=""This variant alone shows a ~5x decrease in cell entry efficiency (RLU measurement in 293T cells) compared to D614G. "";clade_defining=True;"
MN908947.3	.	.	23012	23012	.	+	.	"ID=ID_30;Name=p.E484K;nt_name=c.G1450A;gene=S;mutation_type=MISSENSE;Reference_seq=G;Variant_seq=A;ao=3269;dp=3279;ro=9;viral_lineage=B.1.525;who_label=Eta;status=VOI;function_category=""trafficking"";source=https://www.biorxiv.org/content/10.1101/2021.02.05.430003v1;citation=""Tada et al. (2021) "";comb_mutation=;function_description=""Lentiviral pseudotyped with this individual mutation from B.1.351 was tested on ACE2.293T cells. Luciferase activity was measured two days postinfection,  showing no change in infection rate amongst the cells."";clade_defining=True;"
MN908947.3	.	.	23012	23012	.	+	.	"ID=ID_30;Name=p.E484K;nt_name=c.G1450A;gene=S;mutation_type=MISSENSE;Reference_seq=G;Variant_seq=A;ao=3269;dp=3279;ro=9;viral_lineage=B.1.525;who_label=Eta;status=VOI;function_category=""pharmaceutical effectiveness"";source=https://www.biorxiv.org/content/10.1101/2021.04.27.440939v1;citation=""Engelhart et al. (2021) "";comb_mutation=;function_description=""Bamlanivimab (LY-CoV555) lost ~16x binding against this isolated mutation. Casirivimab lost ~16x binding against this isolated mutation."";clade_defining=True;"
MN908947.3	.	.	23012	23012	.	+	.	"ID=ID_31;Name=p.E484K;nt_name=c.G1450A;gene=S;mutation_type=MISSENSE;Reference_seq=G;Variant_seq=A;ao=3269;dp=3279;ro=9;viral_lineage=B.1.525;who_label=Eta;status=VOI;function_category=""convalescent plasma escape"";source=https://www.biorxiv.org/content/10.1101/2021.05.14.444076v1;citation=""Tada et al. (2021) "";comb_mutation='D614G';function_description=""Pseudotyped viruses for B.1.618 was 2.5-fold resistant to neutralization by convalescent sera compared to wild type - a finding that was similar to that of the 3-fold resistance of the South Africa B.1.351 variant using the same assay. The resistance of B.1.618 was caused by the E484K mutation, based on results from viruses pseudotyped for individual variants within B.1.618. [details on the convalescent patient sera collection are not abundantly clear in the preprint]"";clade_defining=True;"
MN908947.3	.	.	23012	23012	.	+	.	"ID=ID_30;Name=p.E484K;nt_name=c.G1450A;gene=S;mutation_type=MISSENSE;Reference_seq=G;Variant_seq=A;ao=3269;dp=3279;ro=9;viral_lineage=B.1.525;who_label=Eta;status=VOI;function_category=""convalescent plasma escape"";source=https://www.biorxiv.org/content/10.1101/2021.03.19.436183v1;citation=""Tang et al. (2021) "";comb_mutation=;function_description=""As measured by surface plasmon resonance, RBD with the E484K mutation alone showed a mean 19.1x decrease in binding affinity for  six batches of hyperimmune immunoglobulin (hCoV-2IG) preparations generated from SARS-CoV-2 convalescent plasma."";clade_defining=True;"
MN908947.3	.	.	23012	23012	.	+	.	"ID=ID_30;Name=p.E484K;nt_name=c.G1450A;gene=S;mutation_type=MISSENSE;Reference_seq=G;Variant_seq=A;ao=3269;dp=3279;ro=9;viral_lineage=B.1.525;who_label=Eta;status=VOI;function_category=""convalescent plasma escape"";source=https://www.biorxiv.org/content/10.1101/2021.02.05.430003v1;citation=""Tada et al. (2021) "";comb_mutation=;function_description=""The only mutation in the B.1.351 lineage that appears to contribute to neutralization reduction (~1.7x across 10 convalescent sera from April 2020 infectees)"";clade_defining=True;"
MN908947.3	.	.	23012	23012	.	+	.	"ID=ID_30;Name=p.E484K;nt_name=c.G1450A;gene=S;mutation_type=MISSENSE;Reference_seq=G;Variant_seq=A;ao=3269;dp=3279;ro=9;viral_lineage=B.1.525;who_label=Eta;status=VOI;function_category=""convalescent plasma escape"";source=https://www.biorxiv.org/content/10.1101/2021.04.22.441007v1;citation=""Alenquer et al. (2021) "";comb_mutation=;function_description=""Average ~5-fold reduction in neutralization efficacy in convalescent sera of 16 health workers infected in Spring 2020."";clade_defining=True;"
MN908947.3	.	.	23012	23012	.	+	.	"ID=ID_30;Name=p.E484K;nt_name=c.G1450A;gene=S;mutation_type=MISSENSE;Reference_seq=G;Variant_seq=A;ao=3269;dp=3279;ro=9;viral_lineage=B.1.525;who_label=Eta;status=VOI;function_category=""convalescent plasma escape"";source=https://www.biorxiv.org/content/10.1101/2021.03.24.436620v1;citation=""Zhou et al. (2021) "";comb_mutation=;function_description=""Subtype of the B.1.526 ""New York"" lineage, lentivirus pseudotyped with this mutation combination in showed 3.3x reduction in  IC50 serum dilution concentration for 6 convalescent sera."";clade_defining=True;"
MN908947.3	.	.	23012	23012	.	+	.	"ID=ID_30;Name=p.E484K;nt_name=c.G1450A;gene=S;mutation_type=MISSENSE;Reference_seq=G;Variant_seq=A;ao=3269;dp=3279;ro=9;viral_lineage=B.1.525;who_label=Eta;status=VOI;function_category=""convalescent plasma escape"";source=https://www.biorxiv.org/content/10.1101/2020.11.06.372037v2;citation=""Liu et al. (2021) "";comb_mutation=;function_description=""Remarkably, several of the E484 escape mutants were resistant to neutralization at the highest concentration (1:80 initial dilution) of all 4 convalescent sera tested (triplicate experiments). Against a wider panel of 16 convalescent plasma (no replicates), all but one show major resistance."";clade_defining=True;"
MN908947.3	.	.	23012	23012	.	+	.	"ID=ID_30;Name=p.E484K;nt_name=c.G1450A;gene=S;mutation_type=MISSENSE;Reference_seq=G;Variant_seq=A;ao=3269;dp=3279;ro=9;viral_lineage=B.1.525;who_label=Eta;status=VOI;function_category=""convalescent plasma escape"";source=https://www.nature.com/articles/s41586-021-03398-2;citation=""Wang et al. (2021) "";comb_mutation=;function_description=""The neutralizing activity of 15/20 convalescent sera was significantly lower against this pseudotyped virus model"";clade_defining=True;"
MN908947.3	.	.	23012	23012	.	+	.	"ID=ID_30;Name=p.E484K;nt_name=c.G1450A;gene=S;mutation_type=MISSENSE;Reference_seq=G;Variant_seq=A;ao=3269;dp=3279;ro=9;viral_lineage=B.1.525;who_label=Eta;status=VOI;function_category=""convalescent plasma escape"";source=https://www.biorxiv.org/content/10.1101/2020.12.28.424451;citation=""Andreano et al. (2020) "";comb_mutation=;function_description=""This mutation occurred in 100% of sequenced virions after 12 passages and led to a 4-fold decrease in convalescent plasma neutralization activity"";clade_defining=True;"
MN908947.3	.	.	23012	23012	.	+	.	"ID=ID_17;Name=p.E484K;nt_name=c.G1450A;gene=S;mutation_type=MISSENSE;Reference_seq=G;Variant_seq=A;ao=3269;dp=3279;ro=9;viral_lineage=B.1.525;who_label=Eta;status=VOI;function_category=""transmissibility"";source=https://www.covid19genomics.dk/2021-05-08_data-overview.html#b1525;citation=""Albertsen et al. (2021) "";comb_mutation='Q52R', 'Q677H', 'F888L';function_description=""The B.1.525 appears to have poor transmissibility when in competition with B.1.1.7 and other cirdulting strains in Denmark (early 2021)."";clade_defining=True;"
MN908947.3	.	.	23012	23012	.	+	.	"ID=ID_31;Name=p.E484K;nt_name=c.G1450A;gene=S;mutation_type=MISSENSE;Reference_seq=G;Variant_seq=A;ao=3269;dp=3279;ro=9;viral_lineage=B.1.525;who_label=Eta;status=VOI;function_category=""vaccine neutralization efficacy"";source=https://www.biorxiv.org/content/10.1101/2021.05.14.444076v1;citation=""Tada et al. (2021) "";comb_mutation='D614G';function_description=""Pseudotyped viruses for B.1.618 was 2.7-fold resistant to neutralization by 6 BNT162b2 vaccine sera 28 days post-booster compared to wild type - a finding that was similar to that of the 3.4-fold resistance of the South Africa B.1.351 variant using the same assay. Neutralization by 3 Moderna vaccine sera 28 days post-booster was 3-fold resistant (vs. 2.2-fold for B.1.351). The resistance of B.1.618 was caused by the E484K mutation, based on results from viruses pseudotyped for individual variants within B.1.618."";clade_defining=True;"
MN908947.3	.	.	23012	23012	.	+	.	"ID=ID_30;Name=p.E484K;nt_name=c.G1450A;gene=S;mutation_type=MISSENSE;Reference_seq=G;Variant_seq=A;ao=3269;dp=3279;ro=9;viral_lineage=B.1.525;who_label=Eta;status=VOI;function_category=""vaccine neutralization efficacy"";source=https://doi.org/10.1084/jem.20202756;citation=""Solfrosi et al. (2021) "";comb_mutation=;function_description=""Neutralizing antibody titers of non-human primate sera after one or two doses of Ad26.COV2.S (Jannsen vaccine)  against the variants containing the E484K substitution in the RBD were present but reduced  (fold reduction between 3.35–7.78, 95% confidence interval all above twofold difference, one-sample t test). "";clade_defining=True;"
MN908947.3	.	.	23012	23012	.	+	.	"ID=ID_30;Name=p.E484K;nt_name=c.G1450A;gene=S;mutation_type=MISSENSE;Reference_seq=G;Variant_seq=A;ao=3269;dp=3279;ro=9;viral_lineage=B.1.525;who_label=Eta;status=VOI;function_category=""vaccine neutralization efficacy"";source=https://dx.doi.org/10.21203%2Frs.3.rs-400230%2Fv1;citation=""Ikegame et al. (2021) "";comb_mutation=;function_description=""E484K pseudotyped VSV was tested for neutralization in a clonal HEK-293T ACE2 TMPRSS2 cell line optimized for highly efficient  S-mediated infection. A cohort of 12 Argentinian recipients of the Gamaleya Sputnik V Ad26 / Ad5 vaccine  showed a mean 2.8x decrease in neutralization effiacacy."";clade_defining=True;"
MN908947.3	.	.	23012	23012	.	+	.	"ID=ID_30;Name=p.E484K;nt_name=c.G1450A;gene=S;mutation_type=MISSENSE;Reference_seq=G;Variant_seq=A;ao=3269;dp=3279;ro=9;viral_lineage=B.1.525;who_label=Eta;status=VOI;function_category=""vaccine neutralization efficacy"";source=https://doi.org/10.1016/S2666-5247(21;citation=""Jangra et al. (2021) "";comb_mutation=;function_description=""Human sera from 5 two-dose Pfizer vaccinated individuals (47-68 days post 1st-dose) neutralized this variant 3.4x less relative to reference  USA-WA1/2020 strain. 8 convalescent plasma with weak IgG ELISA titre neutralized this variant 2.4x less relative to reference  USA-WA1/2020 strain. One plasma failed to neutralize at all. 11 convalescent plasma with moderate IgG ELISA titre neutralized this variant 4.2x less relative to reference  USA-WA1/2020 strain.  11 convalescent plasma with high IgG ELISA titre neutralized this variant 2.6x less relative to reference  USA-WA1/2020 strain. "";clade_defining=True;"
MN908947.3	.	.	23012	23012	.	+	.	"ID=ID_31;Name=p.E484K;nt_name=c.G1450A;gene=S;mutation_type=MISSENSE;Reference_seq=G;Variant_seq=A;ao=3269;dp=3279;ro=9;viral_lineage=B.1.525;who_label=Eta;status=VOI;function_category=""vaccine neutralization efficacy"";source=https://dx.doi.org/10.1016%2Fj.chom.2021.03.008;citation=""Kuzmina et al. (2021) "";comb_mutation='D614G';function_description=""This variant showed only minor in Pfizer sera (one or two dose) neutralization efficiency vs D614G (using lentivirus pseudotype)."";clade_defining=True;"
MN908947.3	.	.	23012	23012	.	+	.	"ID=ID_30;Name=p.E484K;nt_name=c.G1450A;gene=S;mutation_type=MISSENSE;Reference_seq=G;Variant_seq=A;ao=3269;dp=3279;ro=9;viral_lineage=B.1.525;who_label=Eta;status=VOI;function_category=""vaccine neutralization efficacy"";source=https://www.biorxiv.org/content/10.1101/2021.05.08.443253v1;citation=""Ferreira et al. (2021) "";comb_mutation=;function_description=""Nine stored sera from Pfizer BNT162b2 vaccinees were tested against a range of spike mutation bearing PV. E484K conferred a ten-fold reduction in neutralisation by vaccine sera."";clade_defining=True;"
MN908947.3	.	.	23012	23012	.	+	.	"ID=ID_30;Name=p.E484K;nt_name=c.G1450A;gene=S;mutation_type=MISSENSE;Reference_seq=G;Variant_seq=A;ao=3269;dp=3279;ro=9;viral_lineage=B.1.525;who_label=Eta;status=VOI;function_category=""vaccine neutralization efficacy"";source=https://www.biorxiv.org/content/10.1101/2021.01.15.426911v2;citation=""Wang et al. (2021) "";comb_mutation=;function_description=""In a cohort of 20 patients 8+ weeks after second vaccine dose of Moderna (mRNA-1273) or Pfizer-BioNTech (BNT162b2) vaccines,  ELISA tests show 10x reduced efficacy of a majority of isolated antibodies, but only a modest decrease for vaccine plasma overall."";clade_defining=True;"
MN908947.3	.	.	23012	23012	.	+	.	"ID=ID_30;Name=p.E484K;nt_name=c.G1450A;gene=S;mutation_type=MISSENSE;Reference_seq=G;Variant_seq=A;ao=3269;dp=3279;ro=9;viral_lineage=B.1.525;who_label=Eta;status=VOI;function_category=""monoclonal antibody serial passage escape"";source=http://dx.doi.org/10.1126/science.abd0831;citation=""Baum et al. (2020) "";comb_mutation=;function_description=""Escape variant 100% appearance in 2 passages against Regeneron monoclonal antibody REGN10989 @ 50ug/mL (99% after one passage)"";clade_defining=True;"
MN908947.3	.	.	23012	23012	.	+	.	"ID=ID_30;Name=p.E484K;nt_name=c.G1450A;gene=S;mutation_type=MISSENSE;Reference_seq=G;Variant_seq=A;ao=3269;dp=3279;ro=9;viral_lineage=B.1.525;who_label=Eta;status=VOI;function_category=""monoclonal antibody serial passage escape"";source=https://www.biorxiv.org/content/10.1101/2020.07.21.214759v1.full.pdf;citation=""Weisblum et al. (2020) "";comb_mutation=;function_description=""Strong positive selection (up to 50% of supernatant sequences) after C121 monoclonal antibody assay, decreasing in subsequent passages Strong positive selection (up to 44% of supernatant sequences) after after one round of C144 monoclonal antibody passage, then waning on subsequent passages"";clade_defining=True;"
MN908947.3	.	.	23012	23012	.	+	.	"ID=ID_30;Name=p.E484K;nt_name=c.G1450A;gene=S;mutation_type=MISSENSE;Reference_seq=G;Variant_seq=A;ao=3269;dp=3279;ro=9;viral_lineage=B.1.525;who_label=Eta;status=VOI;function_category=""monoclonal antibody serial passage escape"";source=https://www.nature.com/articles/s41586-020-2852-1_reference.pdf?origin=ppub;citation=""Barnes et al. (2020) "";comb_mutation=;function_description=""The engineered mutation cause 10-fold or more increase in the disassociation constant with many monoclonal antibodies (C144/C002/C121/C104/C110)."";clade_defining=True;"
MN908947.3	.	.	23012	23012	.	+	.	"ID=ID_30;Name=p.E484K;nt_name=c.G1450A;gene=S;mutation_type=MISSENSE;Reference_seq=G;Variant_seq=A;ao=3269;dp=3279;ro=9;viral_lineage=B.1.525;who_label=Eta;status=VOI;function_category=""monoclonal antibody serial passage escape"";source=https://doi.org/10.1016/j.chom.2020.11.007;citation=""Greaney et al. (2020) "";comb_mutation=;function_description=""Mildly effective mutant against this position in the RBD for highly neutralizing COV2-2479 monoclonal antibody Effective mutant against this position in the RBD for highly neutralizing COV2-2050 monoclonal antibody"";clade_defining=True;"
MN908947.3	.	.	23012	23012	.	+	.	"ID=ID_30;Name=p.E484K;nt_name=c.G1450A;gene=S;mutation_type=MISSENSE;Reference_seq=G;Variant_seq=A;ao=3269;dp=3279;ro=9;viral_lineage=B.1.525;who_label=Eta;status=VOI;function_category=""monoclonal antibody serial passage escape"";source=https://www.biorxiv.org/content/10.1101/2021.02.17.431683v1;citation=""Starr et al. (2021) "";comb_mutation=;function_description=""Escape mutation against monoclonal antibody LY-CoV555 (antibody that forms the basis for Eli Lilly's bamlanivimab)"";clade_defining=True;"
MN908947.3	.	.	23012	23012	.	+	.	"ID=ID_30;Name=p.E484K;nt_name=c.G1450A;gene=S;mutation_type=MISSENSE;Reference_seq=G;Variant_seq=A;ao=3269;dp=3279;ro=9;viral_lineage=B.1.525;who_label=Eta;status=VOI;function_category=""monoclonal antibody serial passage escape"";source=https://www.biorxiv.org/content/10.1101/2021.01.15.426911v2;citation=""Wang et al. (2021) "";comb_mutation=;function_description=""Class 2 antibodies C627, C602, C671, C643, and class 2/3 antibody C603 selected for the emergence of the E484K mutation in vitro."";clade_defining=True;"
MN908947.3	.	.	23012	23012	.	+	.	"ID=ID_30;Name=p.E484K;nt_name=c.G1450A;gene=S;mutation_type=MISSENSE;Reference_seq=G;Variant_seq=A;ao=3269;dp=3279;ro=9;viral_lineage=B.1.525;who_label=Eta;status=VOI;function_category=""virion structure"";source=https://www.biorxiv.org/content/10.1101/2021.03.24.436850v1;citation=""Spratt et al. (2021) "";comb_mutation=;function_description=""Estimated free energy change (ddG) for this variant is -0.6 kcal/mol (i.e. destabilizing relative to wild type) "";clade_defining=True;"
MN908947.3	.	.	23403	23403	.	+	.	"ID=ID_32;Name=p.D614G;nt_name=c.A1841G;gene=S;mutation_type=MISSENSE;Reference_seq=A;Variant_seq=G;ao=3277;dp=3279;ro=2;viral_lineage=B.1.525;who_label=Eta;status=VOI;function_category=""syncytium formation"";source=https://dx.doi.org/10.3390%2Fv13040633;citation=""Kim et al. (2021) "";comb_mutation=;function_description=""Slight increase in Vero cell-cell membrane fusion assay under infection with VSV pseudotyped virus."";clade_defining=True;"
MN908947.3	.	.	23403	23403	.	+	.	"ID=ID_32;Name=p.D614G;nt_name=c.A1841G;gene=S;mutation_type=MISSENSE;Reference_seq=A;Variant_seq=G;ao=3277;dp=3279;ro=2;viral_lineage=B.1.525;who_label=Eta;status=VOI;function_category=""trafficking"";source=https://dx.doi.org/10.3390%2Fv13040633;citation=""Kim et al. (2021) "";comb_mutation=;function_description=""~4x more efficient S2 domain cleavage compared to wild type in Caco-2 cells, mid-range of three cell line tested (Vero and Calu-3)."";clade_defining=True;"
MN908947.3	.	.	23403	23403	.	+	.	"ID=ID_32;Name=p.D614G;nt_name=c.A1841G;gene=S;mutation_type=MISSENSE;Reference_seq=A;Variant_seq=G;ao=3277;dp=3279;ro=2;viral_lineage=B.1.525;who_label=Eta;status=VOI;function_category=""trafficking"";source=https://dx.doi.org/10.3390%2Fv13040633;citation=""Kim et al. (2021) "";comb_mutation=;function_description=""No change in infectivity (24h) relative to D614G alone in Caco-2 cells, Vero or Calu-3."";clade_defining=True;"
MN908947.3	.	.	23403	23403	.	+	.	"ID=ID_31;Name=p.D614G;nt_name=c.A1841G;gene=S;mutation_type=MISSENSE;Reference_seq=A;Variant_seq=G;ao=3277;dp=3279;ro=2;viral_lineage=B.1.525;who_label=Eta;status=VOI;function_category=""trafficking"";source=https://dx.doi.org/10.1016%2Fj.chom.2021.03.008;citation=""Kuzmina et al. (2021) "";comb_mutation='E484K';function_description=""~2x more infectivity than D614G alone in HEK293T-ACE2 cells 48h post-transduction."";clade_defining=True;"
MN908947.3	.	.	23403	23403	.	+	.	"ID=ID_32;Name=p.D614G;nt_name=c.A1841G;gene=S;mutation_type=MISSENSE;Reference_seq=A;Variant_seq=G;ao=3277;dp=3279;ro=2;viral_lineage=B.1.525;who_label=Eta;status=VOI;function_category=""trafficking"";source=https://www.biorxiv.org/content/10.1101/2021.01.24.428007v1;citation=""Barrett et al. (2021) "";comb_mutation=;function_description=""Circulating variant shown in vitro to not have major defects or enhancement of cell surface protein trafficking (i.e. Spike cleavage or fusion required for cell entry)"";clade_defining=True;"
MN908947.3	.	.	23403	23403	.	+	.	"ID=ID_32;Name=p.D614G;nt_name=c.A1841G;gene=S;mutation_type=MISSENSE;Reference_seq=A;Variant_seq=G;ao=3277;dp=3279;ro=2;viral_lineage=B.1.525;who_label=Eta;status=VOI;function_category=""trafficking"";source=https://www.nature.com/articles/s41467-020-19808-4;citation=""Zhang et l. (2020) "";comb_mutation=;function_description=""We report here pseudoviruses carrying SG614 enter ACE2-expressing cells more efficiently than wild type (~9-fold).  This increased entry correlates with less S1-domain shedding and higher S-protein incorporation into the virion.  D614G does not alter S-protein binding to ACE2 or neutralization sensitivity of pseudoviruses. Thus, D614G may  increase infectivity by assembling more functional S protein into the virion."";clade_defining=True;"
MN908947.3	.	.	23403	23403	.	+	.	"ID=ID_32;Name=p.D614G;nt_name=c.A1841G;gene=S;mutation_type=MISSENSE;Reference_seq=A;Variant_seq=G;ao=3277;dp=3279;ro=2;viral_lineage=B.1.525;who_label=Eta;status=VOI;function_category=""trafficking"";source=https://www.nature.com/articles/s41467-021-21118-2;citation=""Ozono et al. (2020) "";comb_mutation=;function_description=""Among S variants tested, the D614G mutant shows the highest cell entry (~3.5x wild type), as supported by  structural and binding analyses. "";clade_defining=True;"
MN908947.3	.	.	23403	23403	.	+	.	"ID=ID_32;Name=p.D614G;nt_name=c.A1841G;gene=S;mutation_type=MISSENSE;Reference_seq=A;Variant_seq=G;ao=3277;dp=3279;ro=2;viral_lineage=B.1.525;who_label=Eta;status=VOI;function_category=""trafficking"";source=https://doi.org/10.7554/elife.65365;citation=""Daniloski et al. (2021) "";comb_mutation=;function_description=""The increased transduction with Spike D614G ranged from 1.3- to 2.4-fold in Caco-2 and Calu-3 cells expressing  endogenous ACE2 and from 1.5- to 7.7-fold in A549ACE2 and Huh7.5ACE2 overexpressing ACE2.  Although there is minimal difference in ACE2 receptor binding between the D614 and G614 Spike variants,  the G614 variant is more resistant to proteolytic cleavage, suggesting a possible mechanism for the increased transduction."";clade_defining=True;"
MN908947.3	.	.	23403	23403	.	+	.	"ID=ID_32;Name=p.D614G;nt_name=c.A1841G;gene=S;mutation_type=MISSENSE;Reference_seq=A;Variant_seq=G;ao=3277;dp=3279;ro=2;viral_lineage=B.1.525;who_label=Eta;status=VOI;function_category=""viral load"";source=https://www.nature.com/articles/s41586-020-2895-3;citation=""Plante et al. (2020) "";comb_mutation=;function_description=""Hamsters infected with SARS-CoV-2 expressing spike(D614G) (G614 virus) produced higher infectious titres in nasal washes and the trachea, but not in the lungs,  supporting clinical evidence showing that the mutation enhances viral loads in the upper respiratory tract of COVID-19 patients and may increase transmission."";clade_defining=True;"
MN908947.3	.	.	23403	23403	.	+	.	"ID=ID_31;Name=p.D614G;nt_name=c.A1841G;gene=S;mutation_type=MISSENSE;Reference_seq=A;Variant_seq=G;ao=3277;dp=3279;ro=2;viral_lineage=B.1.525;who_label=Eta;status=VOI;function_category=""convalescent plasma escape"";source=https://www.biorxiv.org/content/10.1101/2021.05.14.444076v1;citation=""Tada et al. (2021) "";comb_mutation='E484K';function_description=""Pseudotyped viruses for B.1.618 was 2.5-fold resistant to neutralization by convalescent sera compared to wild type - a finding that was similar to that of the 3-fold resistance of the South Africa B.1.351 variant using the same assay. The resistance of B.1.618 was caused by the E484K mutation, based on results from viruses pseudotyped for individual variants within B.1.618. [details on the convalescent patient sera collection are not abundantly clear in the preprint]"";clade_defining=True;"
MN908947.3	.	.	23403	23403	.	+	.	"ID=ID_31;Name=p.D614G;nt_name=c.A1841G;gene=S;mutation_type=MISSENSE;Reference_seq=A;Variant_seq=G;ao=3277;dp=3279;ro=2;viral_lineage=B.1.525;who_label=Eta;status=VOI;function_category=""vaccine neutralization efficacy"";source=https://www.biorxiv.org/content/10.1101/2021.05.14.444076v1;citation=""Tada et al. (2021) "";comb_mutation='E484K';function_description=""Pseudotyped viruses for B.1.618 was 2.7-fold resistant to neutralization by 6 BNT162b2 vaccine sera 28 days post-booster compared to wild type - a finding that was similar to that of the 3.4-fold resistance of the South Africa B.1.351 variant using the same assay. Neutralization by 3 Moderna vaccine sera 28 days post-booster was 3-fold resistant (vs. 2.2-fold for B.1.351). The resistance of B.1.618 was caused by the E484K mutation, based on results from viruses pseudotyped for individual variants within B.1.618."";clade_defining=True;"
MN908947.3	.	.	23403	23403	.	+	.	"ID=ID_31;Name=p.D614G;nt_name=c.A1841G;gene=S;mutation_type=MISSENSE;Reference_seq=A;Variant_seq=G;ao=3277;dp=3279;ro=2;viral_lineage=B.1.525;who_label=Eta;status=VOI;function_category=""vaccine neutralization efficacy"";source=https://dx.doi.org/10.1016%2Fj.chom.2021.03.008;citation=""Kuzmina et al. (2021) "";comb_mutation='E484K';function_description=""This variant showed only minor in Pfizer sera (one or two dose) neutralization efficiency vs D614G (using lentivirus pseudotype)."";clade_defining=True;"
MN908947.3	.	.	23403	23403	.	+	.	"ID=ID_32;Name=p.D614G;nt_name=c.A1841G;gene=S;mutation_type=MISSENSE;Reference_seq=A;Variant_seq=G;ao=3277;dp=3279;ro=2;viral_lineage=B.1.525;who_label=Eta;status=VOI;function_category=""vaccine neutralization efficacy"";source=https://dx.doi.org/10.1016%2Fj.chom.2021.03.008;citation=""Kuzmina et al. (2021) "";comb_mutation=;function_description=""Using a lentivirus virus pseudotyped with D614G Spike, sera from vaccinated individuals who received the second dose (9–11 days post-second dose of Pfizer) exhibited a robust  neutralizing potential, with a mean NT50 value of 99,000. This was an average of a 2-fold increase, relative to sera drawn from the  individuals who received one dose of vaccination—mean NT50 dilution of 51,300. Importantly, a 6-fold increase in mean NT50 dilution was  obtained when sera from the first vaccination dose was compared to convalescent sera from cohort with severe disease (NT50 51,000 vs 8,700)  21 to 63 days post-onset. "";clade_defining=True;"
MN908947.3	.	.	23403	23403	.	+	.	"ID=ID_32;Name=p.D614G;nt_name=c.A1841G;gene=S;mutation_type=MISSENSE;Reference_seq=A;Variant_seq=G;ao=3277;dp=3279;ro=2;viral_lineage=B.1.525;who_label=Eta;status=VOI;function_category=""vaccine neutralization efficacy"";source=https://doi.org/10.1016/j.cell.2021.03.013;citation=""Garcia-Beltran et al. (2021) "";comb_mutation=;function_description=""Pseudotyped D614G virus has reduced neutralization activity vs wild type: 1.2x (37 sera Pfizer median 9  days post 2nd dose, 37 sera Moderna median 18 days post 2nd dose). This was NOT significant by ANOVA."";clade_defining=True;"
MN908947.3	.	.	23403	23403	.	+	.	"ID=ID_32;Name=p.D614G;nt_name=c.A1841G;gene=S;mutation_type=MISSENSE;Reference_seq=A;Variant_seq=G;ao=3277;dp=3279;ro=2;viral_lineage=B.1.525;who_label=Eta;status=VOI;function_category=""virion structure"";source=https://www.nature.com/articles/s41467-020-19808-4;citation=""Zhang et al. (2020) "";comb_mutation=;function_description=""Based on pseudotyped virus experiments, D614G may increase infectivity by assembling more functional S protein into the virion."";clade_defining=True;"
MN908947.3	.	.	23403	23403	.	+	.	"ID=ID_32;Name=p.D614G;nt_name=c.A1841G;gene=S;mutation_type=MISSENSE;Reference_seq=A;Variant_seq=G;ao=3277;dp=3279;ro=2;viral_lineage=B.1.525;who_label=Eta;status=VOI;function_category=""virion structure"";source=https://www.ncbi.nlm.nih.gov/pmc/articles/PMC7492024/;citation=""Yurkovetskiy et al. (2020) "";comb_mutation=;function_description=""CryoEM shows increased proportion of ""one-up"" trimer conformation of Spike proteins on the surface of virions, where the up  conformation is presumed to be more likely to bind ACE2."";clade_defining=True;"
MN908947.3	.	.	23403	23403	.	+	.	"ID=ID_32;Name=p.D614G;nt_name=c.A1841G;gene=S;mutation_type=MISSENSE;Reference_seq=A;Variant_seq=G;ao=3277;dp=3279;ro=2;viral_lineage=B.1.525;who_label=Eta;status=VOI;function_category=""virion structure"";source=https://www.medrxiv.org/content/10.1101/2020.07.22.20159905v2;citation=""Weissman et al. (2020) "";comb_mutation=;function_description=""Negative stain EM shows increased proportion of ""one-up"" trimer conformation of Spike proteins on the surface of virions, where the up  conformation is presumed to be more likely to bind ACE2."";clade_defining=True;"
MN908947.3	.	.	23403	23403	.	+	.	"ID=ID_32;Name=p.D614G;nt_name=c.A1841G;gene=S;mutation_type=MISSENSE;Reference_seq=A;Variant_seq=G;ao=3277;dp=3279;ro=2;viral_lineage=B.1.525;who_label=Eta;status=VOI;function_category=""virion structure"";source=https://www.biorxiv.org/content/10.1101/2021.03.24.436850v1;citation=""Spratt et al. (2021) "";comb_mutation=;function_description=""Estimated free energy change (ddG) for this variant is 2.5 kcal/mol (i.e. stabilizing relative to wild type) "";clade_defining=True;"
MN908947.3	.	.	23593	23593	.	+	.	"ID=ID_17;Name=p.Q677H;nt_name=c.G2031C;gene=S;mutation_type=MISSENSE;Reference_seq=G;Variant_seq=C;ao=3268;dp=3279;ro=8;viral_lineage=B.1.525;who_label=Eta;status=VOI;function_category=""transmissibility"";source=https://www.covid19genomics.dk/2021-05-08_data-overview.html#b1525;citation=""Albertsen et al. (2021) "";comb_mutation='Q52R', 'E484K', 'F888L';function_description=""The B.1.525 appears to have poor transmissibility when in competition with B.1.1.7 and other cirdulting strains in Denmark (early 2021)."";clade_defining=True;"
MN908947.3	.	.	24224	24224	.	+	.	"ID=ID_17;Name=p.F888L;nt_name=c.T2662C;gene=S;mutation_type=MISSENSE;Reference_seq=T;Variant_seq=C;ao=3260;dp=3279;ro=12;viral_lineage=B.1.525;who_label=Eta;status=VOI;function_category=""transmissibility"";source=https://www.covid19genomics.dk/2021-05-08_data-overview.html#b1525;citation=""Albertsen et al. (2021) "";comb_mutation='Q52R', 'E484K', 'Q677H';function_description=""The B.1.525 appears to have poor transmissibility when in competition with B.1.1.7 and other cirdulting strains in Denmark (early 2021)."";clade_defining=True;"
MN908947.3	.	.	24748	24748	.	+	.	"ID=ID_33;Name=p.F1062F;nt_name=c.C3186T;gene=S;mutation_type=SILENT;Reference_seq=C;Variant_seq=T;ao=3269;dp=3279;ro=8;viral_lineage=B.1.525;who_label=Eta;status=VOI;function_category="""";source=;citation="""";comb_mutation=;function_description="""";clade_defining=True;"
MN908947.3	.	.	26305	26305	.	+	.	"ID=ID_34;Name=p.L21F;nt_name=c.C61T;gene=E;mutation_type=MISSENSE;Reference_seq=C;Variant_seq=T;ao=2584;dp=2721;ro=70;viral_lineage=B.1.525;who_label=Eta;status=VOI;function_category="""";source=;citation="""";comb_mutation=;function_description="""";clade_defining=True;"
MN908947.3	.	.	26767	26767	.	+	.	"ID=ID_35;Name=p.I82T;nt_name=c.T245C;gene=M;mutation_type=MISSENSE;Reference_seq=T;Variant_seq=C;ao=3276;dp=3279;ro=2;viral_lineage=B.1.525;who_label=Eta;status=VOI;function_category=""homoplasy"";source=https://doi.org/10.1080/22221751.2021.1922097;citation=""Shen et al. (2021) "";comb_mutation=;function_description=""This mutation presents mainly within the B.1 (44.0%) and B.1.525 (38.1%) lineages.  Currently, 99.7% of the B.1.525 lineage isolates carry the M:I82T mutation. While this mutation is scattered across multiple  phylogenetic clades, most cases cluster in two recent clades, suggesting a likely selective advantage in certain haplotype backgrounds."";clade_defining=True;"
MN908947.3	.	.	27204	27204	.	+	.	"ID=ID_36;Name=p.F2del;nt_name=c.4_6delTTT;gene=ORF6;mutation_type=;Reference_seq=GTTT;Variant_seq=G;ao=3189;dp=3279;ro=3274;viral_lineage=B.1.525;who_label=Eta;status=VOI;function_category="""";source=;citation="""";comb_mutation=;function_description="""";clade_defining=True;"
MN908947.3	.	.	27205	27205	.	+	.	"ID=ID_37;Name=p.F2I;nt_name=c.T4A;gene=ORF6;mutation_type=MISSENSE;Reference_seq=T;Variant_seq=N;ao=22;dp=86;ro=58;viral_lineage=B.1.525;who_label=Eta;status=VOI;function_category="""";source=;citation="""";comb_mutation=;function_description="""";clade_defining=True;"
MN908947.3	.	.	28277	28277	.	+	.	"ID=ID_38;Name=p.S2_D3delinsY;nt_name=c.5_7delCTG;gene=N;mutation_type=;Reference_seq=TCTG;Variant_seq=T;ao=3192;dp=3279;ro=3278;viral_lineage=B.1.525;who_label=Eta;status=VOI;function_category="""";source=;citation="""";comb_mutation=;function_description="""";clade_defining=True;"
MN908947.3	.	.	28278	28278	.	+	.	"ID=ID_39;Name=p.S2Y;nt_name=c.C5A;gene=N;mutation_type=MISSENSE;Reference_seq=C;Variant_seq=A;ao=30;dp=86;ro=36;viral_lineage=B.1.525;who_label=Eta;status=VOI;function_category="""";source=;citation="""";comb_mutation=;function_description="""";clade_defining=True;"
MN908947.3	.	.	28308	28308	.	+	.	"ID=ID_40;Name=p.A12G;nt_name=c.C35G;gene=N;mutation_type=MISSENSE;Reference_seq=C;Variant_seq=G;ao=3227;dp=3279;ro=13;viral_lineage=B.1.525;who_label=Eta;status=VOI;function_category="""";source=;citation="""";comb_mutation=;function_description="""";clade_defining=True;"
MN908947.3	.	.	28699	28699	.	+	.	"ID=ID_41;Name=p.P142P;nt_name=c.A426G;gene=N;mutation_type=SILENT;Reference_seq=A;Variant_seq=G;ao=3272;dp=3279;ro=3;viral_lineage=B.1.525;who_label=Eta;status=VOI;function_category="""";source=;citation="""";comb_mutation=;function_description="""";clade_defining=True;"
MN908947.3	.	.	28887	28887	.	+	.	"ID=ID_42;Name=p.T205I;nt_name=c.C614T;gene=N;mutation_type=MISSENSE;Reference_seq=C;Variant_seq=T;ao=3263;dp=3279;ro=12;viral_lineage=B.1.525;who_label=Eta;status=VOI;function_category="""";source=;citation="""";comb_mutation=;function_description="""";clade_defining=True;"
MN908947.3	.	.	29543	29543	.	+	.	"ID=ID_0;Name=;nt_name=c.G-15T;gene=ORF10;mutation_type=;Reference_seq=G;Variant_seq=T;ao=3034;dp=3146;ro=106;viral_lineage=B.1.525;who_label=Eta;status=VOI;function_category="""";source=;citation="""";comb_mutation=;function_description="""";clade_defining=True;"
MN908947.3	.	.	29728	29728	.	+	.	"ID=ID_0;Name=;nt_name=c.T*4344A;gene=S;mutation_type=;Reference_seq=T;Variant_seq=N;ao=430;dp=1175;ro=650;viral_lineage=B.1.525;who_label=Eta;status=VOI;function_category="""";source=;citation="""";comb_mutation=;function_description="""";clade_defining=True;"
MN908947.3	.	.	29729	29729	.	+	.	"ID=ID_0;Name=;nt_name=c.T*4345A;gene=S;mutation_type=;Reference_seq=T;Variant_seq=N;ao=529;dp=1148;ro=609;viral_lineage=B.1.525;who_label=Eta;status=VOI;function_category="""";source=;citation="""";comb_mutation=;function_description="""";clade_defining=True;"
MN908947.3	.	.	29730	29730	.	+	.	"ID=ID_0;Name=;nt_name=c.C*4346A;gene=S;mutation_type=;Reference_seq=C;Variant_seq=N;ao=531;dp=1146;ro=610;viral_lineage=B.1.525;who_label=Eta;status=VOI;function_category="""";source=;citation="""";comb_mutation=;function_description="""";clade_defining=True;"
MN908947.3	.	.	29731	29731	.	+	.	"ID=ID_0;Name=;nt_name=c.A*4347C;gene=S;mutation_type=;Reference_seq=A;Variant_seq=N;ao=533;dp=1146;ro=611;viral_lineage=B.1.525;who_label=Eta;status=VOI;function_category="""";source=;citation="""";comb_mutation=;function_description="""";clade_defining=True;"
MN908947.3	.	.	29732	29732	.	+	.	"ID=ID_0;Name=;nt_name=c.C*4348A;gene=S;mutation_type=;Reference_seq=C;Variant_seq=N;ao=535;dp=1146;ro=608;viral_lineage=B.1.525;who_label=Eta;status=VOI;function_category="""";source=;citation="""";comb_mutation=;function_description="""";clade_defining=True;"
MN908947.3	.	.	29733	29733	.	+	.	"ID=ID_0;Name=;nt_name=c.C*4349A;gene=S;mutation_type=;Reference_seq=C;Variant_seq=N;ao=538;dp=1146;ro=606;viral_lineage=B.1.525;who_label=Eta;status=VOI;function_category="""";source=;citation="""";comb_mutation=;function_description="""";clade_defining=True;"
MN908947.3	.	.	29734	29734	.	+	.	"ID=ID_0;Name=;nt_name=c.G*4350A;gene=S;mutation_type=;Reference_seq=G;Variant_seq=N;ao=538;dp=1146;ro=606;viral_lineage=B.1.525;who_label=Eta;status=VOI;function_category="""";source=;citation="""";comb_mutation=;function_description="""";clade_defining=True;"
MN908947.3	.	.	29735	29735	.	+	.	"ID=ID_0;Name=;nt_name=c.A*4351C;gene=S;mutation_type=;Reference_seq=A;Variant_seq=N;ao=538;dp=1146;ro=607;viral_lineage=B.1.525;who_label=Eta;status=VOI;function_category="""";source=;citation="""";comb_mutation=;function_description="""";clade_defining=True;"
MN908947.3	.	.	29736	29736	.	+	.	"ID=ID_0;Name=;nt_name=c.G*4352A;gene=S;mutation_type=;Reference_seq=G;Variant_seq=N;ao=538;dp=1146;ro=607;viral_lineage=B.1.525;who_label=Eta;status=VOI;function_category="""";source=;citation="""";comb_mutation=;function_description="""";clade_defining=True;"
MN908947.3	.	.	29737	29737	.	+	.	"ID=ID_0;Name=;nt_name=c.G*4353A;gene=S;mutation_type=;Reference_seq=G;Variant_seq=N;ao=536;dp=1147;ro=607;viral_lineage=B.1.525;who_label=Eta;status=VOI;function_category="""";source=;citation="""";comb_mutation=;function_description="""";clade_defining=True;"
MN908947.3	.	.	29738	29738	.	+	.	"ID=ID_0;Name=;nt_name=c.C*4354A;gene=S;mutation_type=;Reference_seq=C;Variant_seq=N;ao=536;dp=1146;ro=610;viral_lineage=B.1.525;who_label=Eta;status=VOI;function_category="""";source=;citation="""";comb_mutation=;function_description="""";clade_defining=True;"
MN908947.3	.	.	29739	29739	.	+	.	"ID=ID_0;Name=;nt_name=c.C*4355A;gene=S;mutation_type=;Reference_seq=C;Variant_seq=N;ao=538;dp=1152;ro=613;viral_lineage=B.1.525;who_label=Eta;status=VOI;function_category="""";source=;citation="""";comb_mutation=;function_description="""";clade_defining=True;"
MN908947.3	.	.	29740	29740	.	+	.	"ID=ID_0;Name=;nt_name=c.A*4356C;gene=S;mutation_type=;Reference_seq=A;Variant_seq=N;ao=544;dp=1152;ro=608;viral_lineage=B.1.525;who_label=Eta;status=VOI;function_category="""";source=;citation="""";comb_mutation=;function_description="""";clade_defining=True;"
MN908947.3	.	.	29741	29741	.	+	.	"ID=ID_0;Name=;nt_name=c.C*4357A;gene=S;mutation_type=;Reference_seq=C;Variant_seq=N;ao=544;dp=1152;ro=608;viral_lineage=B.1.525;who_label=Eta;status=VOI;function_category="""";source=;citation="""";comb_mutation=;function_description="""";clade_defining=True;"
MN908947.3	.	.	29742	29742	.	+	.	"ID=ID_0;Name=;nt_name=c.G*4358A;gene=S;mutation_type=;Reference_seq=G;Variant_seq=N;ao=544;dp=1137;ro=582;viral_lineage=B.1.525;who_label=Eta;status=VOI;function_category="""";source=;citation="""";comb_mutation=;function_description="""";clade_defining=True;"
MN908947.3	.	.	29743	29743	.	+	.	"ID=ID_0;Name=;nt_name=c.C*4359A;gene=S;mutation_type=;Reference_seq=C;Variant_seq=N;ao=548;dp=1137;ro=589;viral_lineage=B.1.525;who_label=Eta;status=VOI;function_category="""";source=;citation="""";comb_mutation=;function_description="""";clade_defining=True;"
MN908947.3	.	.	29744	29744	.	+	.	"ID=ID_0;Name=;nt_name=c.G*4360A;gene=S;mutation_type=;Reference_seq=G;Variant_seq=N;ao=549;dp=1137;ro=587;viral_lineage=B.1.525;who_label=Eta;status=VOI;function_category="""";source=;citation="""";comb_mutation=;function_description="""";clade_defining=True;"
MN908947.3	.	.	29745	29745	.	+	.	"ID=ID_0;Name=;nt_name=c.G*4361A;gene=S;mutation_type=;Reference_seq=G;Variant_seq=N;ao=549;dp=1136;ro=587;viral_lineage=B.1.525;who_label=Eta;status=VOI;function_category="""";source=;citation="""";comb_mutation=;function_description="""";clade_defining=True;"
MN908947.3	.	.	29746	29746	.	+	.	"ID=ID_0;Name=;nt_name=c.A*4362C;gene=S;mutation_type=;Reference_seq=A;Variant_seq=N;ao=549;dp=1136;ro=586;viral_lineage=B.1.525;who_label=Eta;status=VOI;function_category="""";source=;citation="""";comb_mutation=;function_description="""";clade_defining=True;"
MN908947.3	.	.	29747	29747	.	+	.	"ID=ID_0;Name=;nt_name=c.G*4363A;gene=S;mutation_type=;Reference_seq=G;Variant_seq=N;ao=547;dp=1136;ro=588;viral_lineage=B.1.525;who_label=Eta;status=VOI;function_category="""";source=;citation="""";comb_mutation=;function_description="""";clade_defining=True;"
MN908947.3	.	.	29748	29748	.	+	.	"ID=ID_0;Name=;nt_name=c.T*4364A;gene=S;mutation_type=;Reference_seq=T;Variant_seq=N;ao=547;dp=1136;ro=589;viral_lineage=B.1.525;who_label=Eta;status=VOI;function_category="""";source=;citation="""";comb_mutation=;function_description="""";clade_defining=True;"
MN908947.3	.	.	29749	29749	.	+	.	"ID=ID_0;Name=;nt_name=c.A*4365C;gene=S;mutation_type=;Reference_seq=A;Variant_seq=N;ao=547;dp=1136;ro=589;viral_lineage=B.1.525;who_label=Eta;status=VOI;function_category="""";source=;citation="""";comb_mutation=;function_description="""";clade_defining=True;"
MN908947.3	.	.	29750	29750	.	+	.	"ID=ID_0;Name=;nt_name=c.C*4366A;gene=S;mutation_type=;Reference_seq=C;Variant_seq=N;ao=547;dp=1136;ro=586;viral_lineage=B.1.525;who_label=Eta;status=VOI;function_category="""";source=;citation="""";comb_mutation=;function_description="""";clade_defining=True;"
MN908947.3	.	.	29751	29751	.	+	.	"ID=ID_0;Name=;nt_name=c.G*4367A;gene=S;mutation_type=;Reference_seq=G;Variant_seq=N;ao=547;dp=1136;ro=589;viral_lineage=B.1.525;who_label=Eta;status=VOI;function_category="""";source=;citation="""";comb_mutation=;function_description="""";clade_defining=True;"
MN908947.3	.	.	29752	29752	.	+	.	"ID=ID_0;Name=;nt_name=c.A*4368C;gene=S;mutation_type=;Reference_seq=A;Variant_seq=N;ao=548;dp=1136;ro=588;viral_lineage=B.1.525;who_label=Eta;status=VOI;function_category="""";source=;citation="""";comb_mutation=;function_description="""";clade_defining=True;"
MN908947.3	.	.	29753	29753	.	+	.	"ID=ID_0;Name=;nt_name=c.T*4369A;gene=S;mutation_type=;Reference_seq=T;Variant_seq=N;ao=549;dp=1134;ro=584;viral_lineage=B.1.525;who_label=Eta;status=VOI;function_category="""";source=;citation="""";comb_mutation=;function_description="""";clade_defining=True;"
MN908947.3	.	.	29754	29754	.	+	.	"ID=ID_0;Name=;nt_name=c.C*4370A;gene=S;mutation_type=;Reference_seq=C;Variant_seq=N;ao=551;dp=1134;ro=583;viral_lineage=B.1.525;who_label=Eta;status=VOI;function_category="""";source=;citation="""";comb_mutation=;function_description="""";clade_defining=True;"
MN908947.3	.	.	29755	29755	.	+	.	"ID=ID_0;Name=;nt_name=c.G*4371A;gene=S;mutation_type=;Reference_seq=G;Variant_seq=N;ao=551;dp=1134;ro=583;viral_lineage=B.1.525;who_label=Eta;status=VOI;function_category="""";source=;citation="""";comb_mutation=;function_description="""";clade_defining=True;"
MN908947.3	.	.	29756	29756	.	+	.	"ID=ID_0;Name=;nt_name=c.A*4372C;gene=S;mutation_type=;Reference_seq=A;Variant_seq=N;ao=552;dp=1134;ro=582;viral_lineage=B.1.525;who_label=Eta;status=VOI;function_category="""";source=;citation="""";comb_mutation=;function_description="""";clade_defining=True;"
MN908947.3	.	.	29757	29757	.	+	.	"ID=ID_0;Name=;nt_name=c.G*4373A;gene=S;mutation_type=;Reference_seq=G;Variant_seq=N;ao=551;dp=1134;ro=583;viral_lineage=B.1.525;who_label=Eta;status=VOI;function_category="""";source=;citation="""";comb_mutation=;function_description="""";clade_defining=True;"
MN908947.3	.	.	29758	29758	.	+	.	"ID=ID_0;Name=;nt_name=c.T*4374A;gene=S;mutation_type=;Reference_seq=T;Variant_seq=N;ao=550;dp=1134;ro=583;viral_lineage=B.1.525;who_label=Eta;status=VOI;function_category="""";source=;citation="""";comb_mutation=;function_description="""";clade_defining=True;"
MN908947.3	.	.	29759	29759	.	+	.	"ID=ID_0;Name=;nt_name=c.G*4375A;gene=S;mutation_type=;Reference_seq=G;Variant_seq=N;ao=550;dp=1134;ro=584;viral_lineage=B.1.525;who_label=Eta;status=VOI;function_category="""";source=;citation="""";comb_mutation=;function_description="""";clade_defining=True;"
MN908947.3	.	.	29760	29760	.	+	.	"ID=ID_0;Name=;nt_name=c.T*4376A;gene=S;mutation_type=;Reference_seq=T;Variant_seq=N;ao=550;dp=1134;ro=584;viral_lineage=B.1.525;who_label=Eta;status=VOI;function_category="""";source=;citation="""";comb_mutation=;function_description="""";clade_defining=True;"
MN908947.3	.	.	29761	29761	.	+	.	"ID=ID_0;Name=;nt_name=c.A*4377C;gene=S;mutation_type=;Reference_seq=A;Variant_seq=N;ao=551;dp=1134;ro=583;viral_lineage=B.1.525;who_label=Eta;status=VOI;function_category="""";source=;citation="""";comb_mutation=;function_description="""";clade_defining=True;"
MN908947.3	.	.	29762	29762	.	+	.	"ID=ID_0;Name=;nt_name=c.C*4378A;gene=S;mutation_type=;Reference_seq=C;Variant_seq=N;ao=550;dp=1134;ro=584;viral_lineage=B.1.525;who_label=Eta;status=VOI;function_category="""";source=;citation="""";comb_mutation=;function_description="""";clade_defining=True;"
MN908947.3	.	.	29763	29763	.	+	.	"ID=ID_0;Name=;nt_name=c.A*4379C;gene=S;mutation_type=;Reference_seq=A;Variant_seq=N;ao=544;dp=1133;ro=589;viral_lineage=B.1.525;who_label=Eta;status=VOI;function_category="""";source=;citation="""";comb_mutation=;function_description="""";clade_defining=True;"
MN908947.3	.	.	29764	29764	.	+	.	"ID=ID_0;Name=;nt_name=c.G*4380A;gene=S;mutation_type=;Reference_seq=G;Variant_seq=N;ao=544;dp=1134;ro=590;viral_lineage=B.1.525;who_label=Eta;status=VOI;function_category="""";source=;citation="""";comb_mutation=;function_description="""";clade_defining=True;"
MN908947.3	.	.	29765	29765	.	+	.	"ID=ID_0;Name=;nt_name=c.T*4381A;gene=S;mutation_type=;Reference_seq=T;Variant_seq=N;ao=545;dp=1134;ro=589;viral_lineage=B.1.525;who_label=Eta;status=VOI;function_category="""";source=;citation="""";comb_mutation=;function_description="""";clade_defining=True;"
MN908947.3	.	.	29766	29766	.	+	.	"ID=ID_0;Name=;nt_name=c.G*4382A;gene=S;mutation_type=;Reference_seq=G;Variant_seq=N;ao=544;dp=1134;ro=590;viral_lineage=B.1.525;who_label=Eta;status=VOI;function_category="""";source=;citation="""";comb_mutation=;function_description="""";clade_defining=True;"
MN908947.3	.	.	29767	29767	.	+	.	"ID=ID_0;Name=;nt_name=c.A*4383C;gene=S;mutation_type=;Reference_seq=A;Variant_seq=N;ao=545;dp=1134;ro=589;viral_lineage=B.1.525;who_label=Eta;status=VOI;function_category="""";source=;citation="""";comb_mutation=;function_description="""";clade_defining=True;"
MN908947.3	.	.	29768	29768	.	+	.	"ID=ID_0;Name=;nt_name=c.A*4384C;gene=S;mutation_type=;Reference_seq=A;Variant_seq=N;ao=546;dp=1115;ro=569;viral_lineage=B.1.525;who_label=Eta;status=VOI;function_category="""";source=;citation="""";comb_mutation=;function_description="""";clade_defining=True;"
MN908947.3	.	.	29769	29769	.	+	.	"ID=ID_0;Name=;nt_name=c.C*4385A;gene=S;mutation_type=;Reference_seq=C;Variant_seq=N;ao=544;dp=1109;ro=563;viral_lineage=B.1.525;who_label=Eta;status=VOI;function_category="""";source=;citation="""";comb_mutation=;function_description="""";clade_defining=True;"
MN908947.3	.	.	29770	29770	.	+	.	"ID=ID_0;Name=;nt_name=c.A*4386C;gene=S;mutation_type=;Reference_seq=A;Variant_seq=N;ao=544;dp=1109;ro=565;viral_lineage=B.1.525;who_label=Eta;status=VOI;function_category="""";source=;citation="""";comb_mutation=;function_description="""";clade_defining=True;"
MN908947.3	.	.	29771	29771	.	+	.	"ID=ID_0;Name=;nt_name=c.A*4387C;gene=S;mutation_type=;Reference_seq=A;Variant_seq=N;ao=546;dp=1109;ro=563;viral_lineage=B.1.525;who_label=Eta;status=VOI;function_category="""";source=;citation="""";comb_mutation=;function_description="""";clade_defining=True;"
MN908947.3	.	.	29772	29772	.	+	.	"ID=ID_0;Name=;nt_name=c.T*4388A;gene=S;mutation_type=;Reference_seq=T;Variant_seq=N;ao=544;dp=1109;ro=565;viral_lineage=B.1.525;who_label=Eta;status=VOI;function_category="""";source=;citation="""";comb_mutation=;function_description="""";clade_defining=True;"
MN908947.3	.	.	29773	29773	.	+	.	"ID=ID_0;Name=;nt_name=c.G*4389A;gene=S;mutation_type=;Reference_seq=G;Variant_seq=N;ao=542;dp=1109;ro=566;viral_lineage=B.1.525;who_label=Eta;status=VOI;function_category="""";source=;citation="""";comb_mutation=;function_description="""";clade_defining=True;"
MN908947.3	.	.	29774	29774	.	+	.	"ID=ID_0;Name=;nt_name=c.C*4390A;gene=S;mutation_type=;Reference_seq=C;Variant_seq=N;ao=539;dp=1109;ro=565;viral_lineage=B.1.525;who_label=Eta;status=VOI;function_category="""";source=;citation="""";comb_mutation=;function_description="""";clade_defining=True;"
MN908947.3	.	.	29775	29775	.	+	.	"ID=ID_0;Name=;nt_name=c.T*4391A;gene=S;mutation_type=;Reference_seq=T;Variant_seq=N;ao=471;dp=1109;ro=638;viral_lineage=B.1.525;who_label=Eta;status=VOI;function_category="""";source=;citation="""";comb_mutation=;function_description="""";clade_defining=True;"
MN908947.3	.	.	29776	29776	.	+	.	"ID=ID_0;Name=;nt_name=c.A*4392C;gene=S;mutation_type=;Reference_seq=A;Variant_seq=N;ao=451;dp=1109;ro=576;viral_lineage=B.1.525;who_label=Eta;status=VOI;function_category="""";source=;citation="""";comb_mutation=;function_description="""";clade_defining=True;"
MN908947.3	.	.	29862	29862	.	+	.	"ID=ID_0;Name=;nt_name=c.G*4478A;gene=S;mutation_type=;Reference_seq=G;Variant_seq=N;ao=134;dp=427;ro=292;viral_lineage=B.1.525;who_label=Eta;status=VOI;function_category="""";source=;citation="""";comb_mutation=;function_description="""";clade_defining=True;"
MN908947.3	.	.	29863	29863	.	+	.	"ID=ID_0;Name=;nt_name=c.A*4479C;gene=S;mutation_type=;Reference_seq=A;Variant_seq=N;ao=159;dp=404;ro=244;viral_lineage=B.1.525;who_label=Eta;status=VOI;function_category="""";source=;citation="""";comb_mutation=;function_description="""";clade_defining=True;"
MN908947.3	.	.	29864	29864	.	+	.	"ID=ID_0;Name=;nt_name=c.G*4480A;gene=S;mutation_type=;Reference_seq=G;Variant_seq=N;ao=156;dp=396;ro=239;viral_lineage=B.1.525;who_label=Eta;status=VOI;function_category="""";source=;citation="""";comb_mutation=;function_description="""";clade_defining=True;"
MN908947.3	.	.	29865	29865	.	+	.	"ID=ID_0;Name=;nt_name=c.A*4481C;gene=S;mutation_type=;Reference_seq=A;Variant_seq=N;ao=162;dp=376;ro=214;viral_lineage=B.1.525;who_label=Eta;status=VOI;function_category="""";source=;citation="""";comb_mutation=;function_description="""";clade_defining=True;"
MN908947.3	.	.	29866	29866	.	+	.	"ID=ID_0;Name=;nt_name=c.A*4482C;gene=S;mutation_type=;Reference_seq=A;Variant_seq=N;ao=153;dp=374;ro=221;viral_lineage=B.1.525;who_label=Eta;status=VOI;function_category="""";source=;citation="""";comb_mutation=;function_description="""";clade_defining=True;"
MN908947.3	.	.	29867	29867	.	+	.	"ID=ID_0;Name=;nt_name=c.T*4483A;gene=S;mutation_type=;Reference_seq=T;Variant_seq=N;ao=152;dp=367;ro=215;viral_lineage=B.1.525;who_label=Eta;status=VOI;function_category="""";source=;citation="""";comb_mutation=;function_description="""";clade_defining=True;"
MN908947.3	.	.	29868	29868	.	+	.	"ID=ID_0;Name=;nt_name=c.G*4484A;gene=S;mutation_type=;Reference_seq=G;Variant_seq=N;ao=101;dp=366;ro=265;viral_lineage=B.1.525;who_label=Eta;status=VOI;function_category="""";source=;citation="""";comb_mutation=;function_description="""";clade_defining=True;"
